id;text;user_id;sentiment;exercise_id;created_at;updated_at;deleted_at
1; Este ejercicio es excelente para el pecho.;11;;1;;;
2; Asegúrate de tener la técnica correcta.;9;;1;;;
3; Trata de aumentar gradualmente el peso con el tiempo.;11;;1;;;
4; Este ejercicio es ideal para trabajar los tríceps.;11;;2;;;
5; Asegúrate de mantener una buena postura.;11;;2;;;
6; Si es demasiado difícil puedes hacer variaciones sin peso.;10;;2;;;
7; Excelente para trabajar los hombros.;10;;3;;;
8; Asegúrate de mantener una buena forma.;11;;3;;;
9; Trata de hacer más repeticiones con el tiempo.;9;;3;;;
10; Un gran ejercicio para el pecho y los tríceps.;11;;4;;;
11; Asegúrate de tener una buena técnica de respiración.;9;;4;;;
12; Trata de hacer algunas variaciones para evitar aburrirte.;11;;4;;;
13; Este ejercicio es excelente para trabajar la espalda.;8;;5;;;
14; Asegúrate de mantener una buena postura y una técnica adecuada.;9;;5;;;
15; Trata de aumentar gradualmente el peso con el tiempo.;11;;5;;;
16; Este ejercicio es ideal para trabajar los músculos del pecho de manera diferente.;9;;6;;;
17; Asegúrate de tener la técnica correcta y mantener una buena postura.;11;;6;;;
18; Si es demasiado difícil puedes empezar con un peso más ligero.;12;;6;;;
19; Excelente ejercicio para trabajar los hombros y tríceps.;11;;7;;;
20; Asegúrate de mantener una buena forma y no extender demasiado tus brazos.;10;;7;;;
21; Puedes usar una toalla o almohadilla para proteger tu cabeza.;8;;7;;;
22; Este ejercicio es ideal para trabajar los hombros y los músculos estabilizadores.;11;;8;;;
23; Asegúrate de mantener una buena postura y realizar los movimientos de manera controlada.;10;;8;;;
24; Trata de hacer varias repeticiones en cada dirección.;11;;8;;;
25; Excelente ejercicio para trabajar el pecho y los tríceps.;12;;9;;;
26; Asegúrate de mantener una buena forma y no arquear la espalda.;10;;9;;;
27; Puedes empezar con un peso ligero y aumentar gradualmente con el tiempo.;8;;9;;;
28;Este ejercicio es excelente para trabajar los músculos del pecho y la espalda. Recuerda mantener una buena postura y realizar el movimiento de manera controlada.;8;;10;;;
29;Es importante mantener los codos ligeramente flexionados para evitar lesiones y enfocar el trabajo en los músculos adecuados.;9;;10;;;
30;Prueba diferentes pesos y repeticiones para encontrar la variante que mejor se adapte a tus necesidades y objetivos.;8;;10;;;
31;El Arnold Press es una variante del press de hombros que involucra más músculos y mejora la estabilidad del hombro. Asegúrate de mantener una buena postura y no sobrecargar los codos.;12;;11;;;
32;Si tienes problemas de hombro, consulta con un profesional antes de realizar este ejercicio para evitar lesiones o complicaciones.;11;;11;;;
33;Para aumentar la intensidad del ejercicio, puedes variar el ritmo de las repeticiones o aumentar el peso de las mancuernas.;8;;11;;;
34;El handstand push up es un ejercicio avanzado que requiere de fuerza, equilibrio y técnica. Asegúrate de tener una buena base de fuerza antes de intentar este ejercicio.;11;;12;;;
35;Practica en una pared o con la ayuda de un compañero antes de intentar hacer el handstand push up sin ayuda. Esto te ayudará a ganar confianza y mejorar la técnica.;10;;12;;;
36;Para mejorar la fuerza y la técnica del handstand push up, trabaja los músculos estabilizadores del hombro y la espalda con otros ejercicios como el press militar o la elevación lateral de mancuernas.;8;;12;;;
37;El face pull es un excelente ejercicio para trabajar los músculos de la espalda y los hombros, y mejorar la postura. Asegúrate de mantener una buena técnica y no sobrecargar los hombros.;8;;13;;;
38;No te apresures al hacer el ejercicio y enfócate en sentir la contracción de los músculos de la espalda y los hombros en cada repetición.;9;;13;;;
39;Varía la altura del cable y la posición de las manos para trabajar diferentes partes de la espalda y los hombros, y evitar la monotonía.;9;;13;;;
40;Este ejercicio es excelente para trabajar tus hombros y tríceps al mismo tiempo. Asegúrate de mantener una buena postura y no arquear la espalda durante el levantamiento.;11;;14;;;
41;Recuerda mantener los codos hacia adelante y no hacia los lados mientras levantas la barra sobre tu cabeza. Mantén el núcleo comprometido durante todo el ejercicio.;9;;14;;;
42;Si te cuesta levantar la barra con el peso que has seleccionado, intenta disminuir la cantidad de peso o hacer el ejercicio con mancuernas en lugar de la barra.;10;;14;;;
43;Este ejercicio es excelente para trabajar tus hombros y tu estabilidad central. Asegúrate de mantener la postura correcta y no arquear la espalda mientras levantas la placa.;8;;15;;;
44;Mantén tus codos ligeramente doblados durante todo el ejercicio para evitar lesiones. Haz una pausa en la parte superior del movimiento antes de bajar la placa lentamente.;11;;15;;;
45;Si te cuesta mantener la estabilidad al hacer este ejercicio, intenta disminuir la cantidad de peso o hacer el ejercicio con mancuernas en lugar de la placa. ;11;;15;;;
46;Asegúrate de mantener una buena postura y no arquear la espalda durante el levantamiento. Mantén los codos hacia adelante y no hacia los lados mientras levantas la barra.;10;;16;;;
47;Mantén el núcleo comprometido durante todo el ejercicio para ayudar a estabilizar el torso. Haz una pausa en la parte superior del movimiento antes de bajar la barra lentamente.;9;;16;;;
48;Si te cuesta levantar la barra con el peso que has seleccionado, intenta disminuir la cantidad de peso o hacer el ejercicio con mancuernas en lugar de la barra.;11;;16;;;
49;Este ejercicio es excelente para trabajar tus hombros y tríceps al mismo tiempo. Asegúrate de realizar un buen impulso con las piernas para ayudarte a levantar la barra.;9;;17;;;
50;Recuerda mantener los codos hacia adelante y no hacia los lados mientras levantas la barra sobre tu cabeza. Mantén el núcleo comprometido durante todo el ejercicio.;11;;17;;;
51;Si te cuesta levantar la barra con el peso que has seleccionado, intenta disminuir la cantidad de peso o hacer el ejercicio con mancuernas en lugar de la barra. ;11;;17;;;
52;Mantén los codos ligeramente flexionados y eleva los brazos hacia los lados hasta que estén paralelos al suelo. Controla el movimiento en todo momento y evita balancear el cuerpo.;11;;18;;;
53;Realiza el ejercicio con un peso que te permita hacer las repeticiones de forma controlada y con buena técnica. No sacrifiques la forma por cargar demasiado peso.;9;;18;;;
54;Prueba diferentes variaciones del ejercicio, como elevaciones laterales inclinadas o en cable, para agregar variedad a tu rutina y trabajar los músculos de manera diferente.;9;;18;;;
55;Asegúrate de mantener los codos pegados al cuerpo durante todo el ejercicio y no dejes que se abran hacia los lados. Esto ayudará a enfocar la tensión en los tríceps.;9;;19;;;
56;Si tienes problemas en las muñecas, puedes probar las flexiones de tríceps con agarre neutro o las extensiones de tríceps en polea baja como alternativas.;8;;19;;;
57;Puedes agregar peso a las flexiones de tríceps usando una mochila con libros o una pesa rusa. Asegúrate de que el peso esté bien asegurado y no se deslice durante el ejercicio.;10;;19;;;
58;Mantén el codo pegado al cuerpo durante todo el movimiento y evita que se abra hacia los lados. Esto ayudará a enfocar la tensión en el tríceps.;12;;20;;;
59;No balancees el cuerpo ni hagas movimientos bruscos con el brazo durante el ejercicio. Controla el peso en todo momento y realiza el movimiento de forma lenta y controlada.;10;;20;;;
60;Prueba diferentes variaciones del ejercicio, como las extensiones de tríceps con mancuernas a dos manos o las extensiones de tríceps con cable, para agregar variedad a tu rutina y trabajar los músculos de manera diferente.;9;;20;;;
61;Mantén los codos pegados al cuerpo durante todo el movimiento y evita que se abran hacia los lados. Esto ayudará a enfocar la tensión en los tríceps.;8;;21;;;
62;Controla el peso en todo momento y evita hacer movimientos bruscos con los brazos durante el ejercicio. Si tienes problemas en las muñecas, puedes probar las extensiones de tríceps con agarre neutro.;11;;21;;;
63;Prueba diferentes variaciones del ejercicio, como las extensiones de tríceps con mancuernas o las extensiones de tríceps en polea alta, para agregar variedad a tu rutina y trabajar los músculos de manera diferente.;10;;21;;;
64;Este es un ejercicio excelente para trabajar los tríceps, asegúrate de mantener los codos estables y controlar el peso en todo momento.;9;;22;;;
65;Si sientes dolor en los codos durante este ejercicio, es posible que estés usando demasiado peso o que tus codos estén demasiado abiertos. Ajusta la posición y el peso para evitar lesiones.;8;;22;;;
66;Recuerda exhalar al subir el peso y mantener los codos cerca de la cabeza. Este movimiento puede ser difícil al principio, pero con práctica te ayudará a fortalecer y definir tus tríceps.;9;;22;;;
67;Los Dumbbell Skullcrushers son una excelente opción si no tienes una barra. Asegúrate de mantener los codos estables y controlar el peso en todo momento.;10;;23;;;
68;Al igual que con cualquier otro ejercicio, la forma es clave en los Dumbbell Skullcrushers. Mantén los codos cerca de la cabeza y evita balancear el peso para evitar lesiones.;9;;23;;;
69;Si estás buscando una variación de este ejercicio, prueba hacerlo en un banco inclinado. Esto pondrá más énfasis en la cabeza larga de los tríceps.;10;;23;;;
70;Las Diamond Push Ups son una excelente manera de trabajar los tríceps y el pecho de manera efectiva. Asegúrate de mantener los codos cerca del cuerpo y no permitas que se abran hacia afuera.;11;;24;;;
71;Si eres principiante, puedes comenzar haciendo push ups normales antes de pasar a las Diamond Push Ups. Trabaja en tu fuerza y forma antes de aumentar la dificultad del ejercicio.;12;;24;;;
72;Para agregar aún más dificultad, puedes intentar hacer Diamond Push Ups con una sola mano. Esto requiere mucha fuerza y estabilidad, por lo que es importante trabajar gradualmente hacia este objetivo.;8;;24;;;
73;Los Ring Dips son un ejercicio avanzado que requiere mucha fuerza y estabilidad. Asegúrate de tener una buena base de fuerza antes de intentar este ejercicio.;11;;25;;;
74;Mantén los codos cerca del cuerpo y no permitas que se abran hacia afuera. Esto ayudará a proteger los hombros y evitar lesiones.;8;;25;;;
75;Si tienes dificultades para hacer los Ring Dips, puedes comenzar haciendo dips en paralelas o dips en una silla para trabajar gradualmente hacia este ejercicio avanzado.;12;;25;;;
76; Este ejercicio es ideal para trabajar los tríceps y lograr su desarrollo de forma efectiva.;8;;26;;;
77; Asegúrate de mantener los codos pegados al cuerpo durante todo el movimiento para una mayor activación muscular.;12;;26;;;
78; Prueba diferentes agarres en la cuerda para variar el ángulo de trabajo y estimular diferentes partes del tríceps.;9;;26;;;
79; Los kickbacks de tríceps son un excelente ejercicio para trabajar los músculos posteriores del brazo.;10;;27;;;
80; Asegúrate de mantener el codo pegado al cuerpo y no moverlo durante todo el movimiento para una mayor activación muscular.;9;;27;;;
81; Puedes realizar este ejercicio con una mancuerna o con una banda de resistencia para variar la intensidad del ejercicio.;10;;27;;;
82; Los encogimientos con barra son un gran ejercicio para desarrollar los músculos de la espalda superior y los hombros.;10;;28;;;
83; Intenta mantener los hombros hacia atrás y hacia abajo durante todo el movimiento para evitar tensiones en el cuello.;8;;28;;;
84; Prueba diferentes agarres en la barra para variar el ángulo de trabajo y estimular diferentes partes de la espalda y los hombros.;11;;28;;;
85; El remo vertical con barra es un gran ejercicio para desarrollar los músculos de los hombros y la espalda.;10;;29;;;
86; Intenta mantener los codos hacia afuera durante todo el movimiento para evitar tensiones en los hombros.;12;;29;;;
87; Prueba diferentes agarres en la barra para variar el ángulo de trabajo y estimular diferentes partes de la espalda y los hombros.;11;;29;;;
88; Los encogimientos con mancuernas son un gran ejercicio para desarrollar los músculos de la espalda superior y los hombros.;10;;30;;;
89; Intenta mantener los hombros hacia atrás y hacia abajo durante todo el movimiento para evitar tensiones en el cuello.;10;;30;;;
90; Prueba diferentes agarres con las mancuernas para variar el ángulo de trabajo y estimular diferentes partes de la espalda y los hombros.;9;;30;;;
91; Este ejercicio es excelente para trabajar los antebrazos y mejorar el agarre.;10;;31;;;
92; Mantén la espalda recta durante todo el movimiento y evita balancear el cuerpo para evitar lesiones.;10;;31;;;
93; Prueba diferentes agarres en la barra para variar el ángulo de trabajo y estimular diferentes partes de la espalda y los hombros.;8;;31;;;
91;Realiza este ejercicio con peso moderado y mantén la espalda recta en todo momento.;12;;31;;;
92;Mantén los hombros relajados y evita encogerlos hacia las orejas mientras levantas la barra.;9;;31;;;
93;Mantén una respiración adecuada y exhala cuando levantes la barra.;9;;31;;;
94;Mantén los codos cerca del cuerpo y los antebrazos perpendiculares al suelo durante todo el movimiento.;9;;32;;;
95;Concéntrate en trabajar los músculos del antebrazo, no permitas que la barra suba o baje por inercia.;8;;32;;;
96;Utiliza un agarre cómodo y evita forzar demasiado la muñeca.;9;;32;;;
97;Mantén el cuerpo quieto y evita mover el brazo que no está realizando el ejercicio.;10;;33;;;
98;Inhala cuando bajes el peso y exhala cuando lo levantes.;11;;33;;;
99;Concéntrate en mantener el codo fijo en su lugar y levantar el peso con el músculo del bíceps.;11;;33;;;
100;Mantén los codos pegados al cuerpo y evita mover los hombros durante el ejercicio.;11;;34;;;
101;Utiliza un agarre cómodo y no te excedas en el peso.;8;;34;;;
102;Realiza el movimiento de forma lenta y controlada, sin usar inercia para levantar el peso.;8;;34;;;
103;Mantén los codos pegados al cuerpo y evita mover los hombros durante el ejercicio.;9;;35;;;
104;Utiliza un agarre cómodo y no te excedas en el peso.;8;;35;;;
105;Realiza el movimiento de forma lenta y controlada, sin usar inercia para levantar el peso.;9;;35;;;
106;Mantén los codos pegados al cuerpo y evita mover los hombros durante el ejercicio.;10;;36;;;
107;Utiliza una banda de resistencia cómoda y adecuada para tu nivel de fuerza.;9;;36;;;
108;Realiza el movimiento de forma lenta y controlada, sin usar inercia para levantar el peso.;11;;36;;;
109;Mantén los codos pegados al cuerpo y evita mover los hombros durante el ejercicio.;9;;37;;;
110;Utiliza un agarre cómodo y no te excedas en el peso.;11;;37;;;
111;Realiza el movimiento de forma lenta y controlada, sin usar inercia para levantar el peso.;10;;37;;;
112;Mantén los codos pegados al cuerpo y evita mover los hombros durante el ejercicio.;9;;38;;;
112;Realiza este ejercicio con un peso adecuado y mantén una buena técnica para evitar lesiones en tus brazos y espalda.;11;;38;;;
113;Incluye este ejercicio en tu rutina de entrenamiento para mejorar el tamaño y la fuerza de tus bíceps.;11;;38;;;
114;Varía el agarre de las pesas para enfocar diferentes partes de los músculos de tus bíceps.;10;;38;;;
115;Este ejercicio es ideal para trabajar los músculos del antebrazo y mejorar el agarre.;9;;39;;;
116;Realiza el movimiento de forma controlada para evitar lesiones y maximizar los resultados.;12;;39;;;
117;Puedes realizar este ejercicio de pie o sentado para variar la intensidad y enfocar diferentes partes del músculo.;10;;39;;;
118;El pinwheel curl es un ejercicio efectivo para trabajar los músculos de los bíceps y antebrazos.;9;;40;;;
119;Mantén una postura correcta y utiliza un peso adecuado para evitar lesiones y maximizar los resultados.;11;;40;;;
120;Varía la dirección de los giros para enfocar diferentes partes de los músculos de tus bíceps.;9;;40;;;
121;Este ejercicio es ideal para trabajar los músculos de los bíceps y mejorar la fuerza en tus brazos.;12;;41;;;
122;Mantén una postura correcta y utiliza un peso adecuado para evitar lesiones y maximizar los resultados.;8;;41;;;
123;Puedes variar la anchura del agarre para enfocar diferentes partes del músculo de tus bíceps.;9;;41;;;
124;El front lever raise es un excelente ejercicio para fortalecer tus hombros y mejorar la postura.;9;;42;;;
125;Mantén una postura correcta y utiliza un peso adecuado para evitar lesiones y maximizar los resultados.;11;;42;;;
126;Varía la intensidad del ejercicio utilizando pesas más pesadas o aumentando el número de repeticiones.;12;;42;;;
127;Los heel taps son un ejercicio efectivo para trabajar los músculos abdominales y mejorar la estabilidad de la columna vertebral.;8;;43;;;
128;Mantén una postura correcta y realiza el movimiento de forma controlada para evitar lesiones.;12;;43;;;
129;Puedes aumentar la intensidad del ejercicio levantando más alto las piernas o utilizando una pelota de estabilidad.;9;;43;;;
130;Este es un ejercicio básico de abdominales que se enfoca en los músculos rectos del abdomen. Recuerda mantener la espalda baja pegada al suelo y levantar los hombros hacia las rodillas.;9;;44;;;
131;Si estás buscando un desafío, puedes intentar hacer las sit ups con peso. Puedes sostener una mancuerna o disco sobre tu pecho mientras haces el movimiento.;10;;44;;;
132;Si quieres trabajar más los músculos oblicuos, puedes hacer las sit ups con una torsión en la parte superior del movimiento. De esta manera, te enfocarás en los músculos que se encuentran a los lados del abdomen.;9;;44;;;
133;Este ejercicio es excelente para trabajar los músculos oblicuos y el core en general. Recuerda mantener la espalda recta y girar el torso alrededor de la cintura.;9;;45;;;
134;Si quieres aumentar la intensidad del ejercicio, puedes sostener una mancuerna o disco mientras giras el torso. De esta manera, agregarás resistencia y aumentarás el trabajo de los músculos oblicuos.;10;;45;;;
135;Si no tienes un peso a la mano, puedes hacer el ejercicio con una pelota medicinal o una botella llena de agua. Lo importante es mantener el control del movimiento y evitar balanceos innecesarios.;10;;45;;;
136;Este es un ejercicio avanzado que requiere de fuerza abdominal y estabilidad. Para hacer el hollow rock hold, acuéstate boca arriba con los brazos y piernas extendidos, y levanta el torso y las piernas al mismo tiempo. Mantén la posición durante varios segundos antes de volver a la posición inicial.;11;;46;;;
137;Si te resulta difícil mantener la posición, puedes comenzar con el hollow body hold, que es una variante más fácil. En esta variante, mantienes las piernas dobladas y los brazos extendidos por encima de la cabeza mientras levantas el torso del suelo.;8;;46;;;
138;Una vez que puedas hacer el hollow body hold sin problemas, puedes avanzar al hollow rock hold. Recuerda mantener la espalda baja pegada al suelo en todo momento para evitar lesiones.;8;;46;;;
139;Este es un ejercicio básico de abdominales que se enfoca en los músculos oblicuos. Para hacerlo, siéntate en el suelo con las rodillas dobladas y los pies en el suelo, y gira el torso de un lado a otro.;12;;47;;;
140;Si quieres aumentar la intensidad del ejercicio, puedes sostener un objeto pesado frente a tu pecho mientras giras el torso. También puedes elevar los pies del suelo para agregar más dificultad al movimiento.;9;;47;;;
141;Recuerda mantener la espalda recta en todo momento y evitar encorvarte. El movimiento debe provenir de la cintura y los músculos oblicuos, no de los brazos o hombros.;10;;47;;;
142;Realizar este ejercicio con una pierna es una buena manera de trabajar los glúteos y los músculos estabilizadores. Recuerda mantener la columna vertebral neutral y controlar el movimiento.;12;;48;;;
143;El Single Leg Hip Thrust es un ejercicio excelente para trabajar la musculatura de la cadena posterior. Asegúrate de mantener la pierna extendida paralela al suelo y la cadera elevada durante todo el movimiento.;8;;48;;;
144;Si buscas una forma de hacer que tus entrenamientos de glúteos sean más desafiantes, prueba el Single Leg Hip Thrust. No olvides mantener el pie de la pierna elevada flexionado para evitar tensiones en la rodilla.;9;;48;;;
145;Las elevaciones de rodillas en paralelas son una gran manera de fortalecer los músculos abdominales y el core. Asegúrate de mantener los hombros hacia atrás y hacia abajo y los codos extendidos durante todo el movimiento.;8;;49;;;
146;Si buscas un ejercicio para trabajar los abdominales de manera intensa, las elevaciones de rodillas en paralelas son una excelente opción. Asegúrate de llevar las rodillas hacia el pecho y no hacia afuera.;8;;49;;;
147;Las elevaciones de rodillas en paralelas son un gran ejercicio para trabajar los abdominales y el core. Si buscas un mayor desafío, intenta mantener las piernas extendidas durante todo el movimiento.;12;;49;;;
148;Los flutter kicks son un ejercicio excelente para trabajar los músculos abdominales inferiores y mejorar la estabilidad de la columna vertebral. Asegúrate de mantener el cuello relajado y las piernas extendidas durante todo el movimiento.;9;;50;;;
149;Si buscas un ejercicio para fortalecer los abdominales inferiores y mejorar la resistencia de la musculatura abdominal, prueba los flutter kicks. Recuerda mantener los músculos abdominales activados durante todo el movimiento.;9;;50;;;
150;Los flutter kicks son un ejercicio desafiante para trabajar los abdominales inferiores. Si te resulta difícil mantener las piernas extendidas durante todo el movimiento, intenta flexionar ligeramente las rodillas.;8;;50;;;
